<?xml version='1.0' encoding='UTF-8' standalone='no'?>
<section xmlns="http://docbook.org/ns/docbook" version="5.0" xmlns:xlink="http://www.w3.org/1999/xlink" xml:id="__c_l_i___p_o_o_8py" xml:lang="en-US">
<title>CLI_POO.py File Reference</title>
<indexterm><primary>CLI_POO.py</primary></indexterm>
<simplesect>
    <title>Namespaces    </title>
        <itemizedlist>
            <listitem><para>namespace <link linkend="_namespace_c_l_i___p_o_o">CLI_POO</link></para>
</listitem>
        </itemizedlist>
</simplesect>
<simplesect>
    <title>Functions    </title>
        <itemizedlist>
            <listitem><para>None <link linkend="_namespace_c_l_i___p_o_o_1a232eaa0654ce3237e5cb38b9be128774">aide</link> ()</para>

<para>Affiche les aides possibles pour executer le programme. </para>
</listitem>
            <listitem><para>def <link linkend="_namespace_c_l_i___p_o_o_1a51587b8b6c1a0f3dd1da5dc90f1c06cf">Decode</link> (image)</para>

<para>Extraire un message dissimulé dans une image. </para>
</listitem>
            <listitem><para>def <link linkend="_namespace_c_l_i___p_o_o_1a07883ddfdee2d9740a9875a366538d8f">Encode</link> (image, message, dest)</para>

<para>Dissimuler un message dans une image. </para>
</listitem>
            <listitem><para>def <link linkend="_namespace_c_l_i___p_o_o_1a4a5188ef4aaaeda38681d79464c4f5fc">main</link> ()</para>

<para>Réaliser une action en fonction du nombre d&apos;argument et de l&apos;argument renseigné: Les actions possibles sont: -Demander de l&apos;aide: -h -Explorer le répertoire courant: -d -Extraire les métadonnées d&apos;un fichier image: -f -Dissimuler un message dans une image : -f [image] -s [message] -Extraire le message: -f [image) -e Si aucun argument est renseigné alors on incite l&apos;utilisateur a utilser l&apos;option d&apos;aide -h. </para>
</listitem>
            <listitem><para>def <link linkend="_namespace_c_l_i___p_o_o_1a0e7858bcd8f8c2ccd8bd1169f1e8c384">metadonnees</link> (nom_doc)</para>

<para>Extraire et afficher les principales métadonées d&apos;une image à l&apos;utilisateur. </para>
</listitem>
        </itemizedlist>
</simplesect>
<simplesect>
    <title>Variables    </title>
        <itemizedlist>
            <listitem><para><link linkend="_namespace_c_l_i___p_o_o_1a11a8ce2b7eba2230cab37aad708d9abf">threshold</link></para>
</listitem>
        </itemizedlist>
</simplesect>
</section>
