<?xml version='1.0' encoding='UTF-8' standalone='no'?>
<section xmlns="http://docbook.org/ns/docbook" version="5.0" xmlns:xlink="http://www.w3.org/1999/xlink" xml:id="_namespace_c_l_i___p_o_o" xml:lang="en-US">
<title>CLI_POO Namespace Reference</title>
<indexterm><primary>CLI_POO</primary></indexterm>
<simplesect>
    <title>Functions    </title>
        <itemizedlist>
            <listitem><para>None <link linkend="_namespace_c_l_i___p_o_o_1a232eaa0654ce3237e5cb38b9be128774">aide</link> ()</para>

<para>Affiche les aides possibles pour executer le programme. </para>
</listitem>
            <listitem><para>def <link linkend="_namespace_c_l_i___p_o_o_1a51587b8b6c1a0f3dd1da5dc90f1c06cf">Decode</link> (image)</para>

<para>Extraire un message dissimulé dans une image. </para>
</listitem>
            <listitem><para>def <link linkend="_namespace_c_l_i___p_o_o_1a07883ddfdee2d9740a9875a366538d8f">Encode</link> (image, message, dest)</para>

<para>Dissimuler un message dans une image. </para>
</listitem>
            <listitem><para>def <link linkend="_namespace_c_l_i___p_o_o_1a4a5188ef4aaaeda38681d79464c4f5fc">main</link> ()</para>

<para>Réaliser une action en fonction du nombre d&apos;argument et de l&apos;argument renseigné: Les actions possibles sont: -Demander de l&apos;aide: -h -Explorer le répertoire courant: -d -Extraire les métadonnées d&apos;un fichier image: -f -Dissimuler un message dans une image : -f [image] -s [message] -Extraire le message: -f [image) -e Si aucun argument est renseigné alors on incite l&apos;utilisateur a utilser l&apos;option d&apos;aide -h. </para>
</listitem>
            <listitem><para>def <link linkend="_namespace_c_l_i___p_o_o_1a0e7858bcd8f8c2ccd8bd1169f1e8c384">metadonnees</link> (nom_doc)</para>

<para>Extraire et afficher les principales métadonées d&apos;une image à l&apos;utilisateur. </para>
</listitem>
        </itemizedlist>
</simplesect>
<simplesect>
    <title>Variables    </title>
        <itemizedlist>
            <listitem><para><link linkend="_namespace_c_l_i___p_o_o_1a11a8ce2b7eba2230cab37aad708d9abf">threshold</link></para>
</listitem>
        </itemizedlist>
</simplesect>
<section>
<title>Function Documentation</title>
<anchor xml:id="_namespace_c_l_i___p_o_o_1a232eaa0654ce3237e5cb38b9be128774"/><section>
    <title>aide()</title>
<indexterm><primary>aide</primary><secondary>CLI_POO</secondary></indexterm>
<indexterm><primary>CLI_POO</primary><secondary>aide</secondary></indexterm>
<para><computeroutput> None CLI_POO.aide ( )</computeroutput></para><para>

<para>Affiche les aides possibles pour executer le programme. </para>
</para>

<para>
                <formalpara>
                    <title>
Parameters</title>
                    <para>
                    <table frame="all">
                        <tgroup cols="2" align="left" colsep="1" rowsep="1">
                        <colspec colwidth="1*"/>
                        <colspec colwidth="4*"/>
                        <tbody>
                            <row>
<entry>Aucun</entry><entry>
<para>argument </para>
</entry>
                            </row>
                        </tbody>
                        </tgroup>
                    </table>
                    </para>
                </formalpara>
                </para>
</section>
<anchor xml:id="_namespace_c_l_i___p_o_o_1a51587b8b6c1a0f3dd1da5dc90f1c06cf"/><section>
    <title>Decode()</title>
<indexterm><primary>Decode</primary><secondary>CLI_POO</secondary></indexterm>
<indexterm><primary>CLI_POO</primary><secondary>Decode</secondary></indexterm>
<para><computeroutput>def CLI_POO.Decode ( image)</computeroutput></para><para>

<para>Extraire un message dissimulé dans une image. </para>
</para>

<para>
                <formalpara>
                    <title>
Parameters</title>
                    <para>
                    <table frame="all">
                        <tgroup cols="2" align="left" colsep="1" rowsep="1">
                        <colspec colwidth="1*"/>
                        <colspec colwidth="4*"/>
                        <tbody>
                            <row>
<entry>image</entry><entry>
<para>(str): une image avec son extension. </para>
</entry>
                            </row>
                        </tbody>
                        </tgroup>
                    </table>
                    </para>
                </formalpara>
                </para>
</section>
<anchor xml:id="_namespace_c_l_i___p_o_o_1a07883ddfdee2d9740a9875a366538d8f"/><section>
    <title>Encode()</title>
<indexterm><primary>Encode</primary><secondary>CLI_POO</secondary></indexterm>
<indexterm><primary>CLI_POO</primary><secondary>Encode</secondary></indexterm>
<para><computeroutput>def CLI_POO.Encode ( image,  message,  dest)</computeroutput></para><para>

<para>Dissimuler un message dans une image. </para>
</para>

<para>
                <formalpara>
                    <title>
Parameters</title>
                    <para>
                    <table frame="all">
                        <tgroup cols="2" align="left" colsep="1" rowsep="1">
                        <colspec colwidth="1*"/>
                        <colspec colwidth="4*"/>
                        <tbody>
                            <row>
<entry>image</entry><entry>
<para>(str): une image avec son extension </para>
</entry>
                            </row>
                            <row>
<entry>message</entry><entry>
<para>(str): une chaîne de caractères (message en ASCII) </para>
</entry>
                            </row>
                            <row>
<entry>dest</entry><entry>
<para>(str): un nouveau nom d&apos;image avec son extension. </para>
</entry>
                            </row>
                        </tbody>
                        </tgroup>
                    </table>
                    </para>
                </formalpara>
                </para>
</section>
<anchor xml:id="_namespace_c_l_i___p_o_o_1a4a5188ef4aaaeda38681d79464c4f5fc"/><section>
    <title>main()</title>
<indexterm><primary>main</primary><secondary>CLI_POO</secondary></indexterm>
<indexterm><primary>CLI_POO</primary><secondary>main</secondary></indexterm>
<para><computeroutput>def CLI_POO.main ( )</computeroutput></para><para>

<para>Réaliser une action en fonction du nombre d&apos;argument et de l&apos;argument renseigné: Les actions possibles sont: -Demander de l&apos;aide: -h -Explorer le répertoire courant: -d -Extraire les métadonnées d&apos;un fichier image: -f -Dissimuler un message dans une image : -f [image] -s [message] -Extraire le message: -f [image) -e Si aucun argument est renseigné alors on incite l&apos;utilisateur a utilser l&apos;option d&apos;aide -h. </para>
</para>
</section>
<anchor xml:id="_namespace_c_l_i___p_o_o_1a0e7858bcd8f8c2ccd8bd1169f1e8c384"/><section>
    <title>metadonnees()</title>
<indexterm><primary>metadonnees</primary><secondary>CLI_POO</secondary></indexterm>
<indexterm><primary>CLI_POO</primary><secondary>metadonnees</secondary></indexterm>
<para><computeroutput>def CLI_POO.metadonnees ( nom_doc)</computeroutput></para><para>

<para>Extraire et afficher les principales métadonées d&apos;une image à l&apos;utilisateur. </para>
</para>

<para>(format PNG et JPEG) 
                <formalpara>
                    <title>
Parameters</title>
                    <para>
                    <table frame="all">
                        <tgroup cols="2" align="left" colsep="1" rowsep="1">
                        <colspec colwidth="1*"/>
                        <colspec colwidth="4*"/>
                        <tbody>
                            <row>
<entry>nom_doc</entry><entry>
<para>(str): un fichier image (nom_doc) </para>
</entry>
                            </row>
                        </tbody>
                        </tgroup>
                    </table>
                    </para>
                </formalpara>
                </para>
</section>
</section>
<section>
<title>Variable Documentation</title>
<anchor xml:id="_namespace_c_l_i___p_o_o_1a11a8ce2b7eba2230cab37aad708d9abf"/><section>
    <title>threshold</title>
<indexterm><primary>threshold</primary><secondary>CLI_POO</secondary></indexterm>
<indexterm><primary>CLI_POO</primary><secondary>threshold</secondary></indexterm>
<para><computeroutput>threshold</computeroutput></para></section>
</section>
</section>
